"filename", "language", "C#", "comment", "blank", "total"
"/workspaces/project1/Pokemongame/1. Pokemons/IBattlePokemon.cs", "C#", -33, 0, -7, -40
"/workspaces/project1/Pokemongame/1. Pokemons/PokemonChart.cs", "C#", -96, -11, -17, -124
"/workspaces/project1/Pokemongame/1. Pokemons/PokemonData.cs", "C#", -24, 0, -4, -28
"/workspaces/project1/Pokemongame/1. Pokemons/PokemonDatabase.cs", "C#", -45, 0, -10, -55
"/workspaces/project1/Pokemongame/1. Pokemons/PokemonFactory.cs", "C#", -13, -12, -3, -28
"/workspaces/project1/Pokemongame/1. Pokemons/PokemonLog.cs", "C#", -16, -1, -1, -18
"/workspaces/project1/Pokemongame/1. Pokemons/PokemonRuntime.cs", "C#", -108, -1, -32, -141
"/workspaces/project1/Pokemongame/1. Pokemons/PokemonState.cs", "C#", -13, 0, 0, -13
"/workspaces/project1/Pokemongame/1. Pokemons/PokemonType.cs", "C#", -15, 0, 0, -15
"/workspaces/project1/Pokemongame/2. Moves/MoveData.cs", "C#", -27, -1, -3, -31
"/workspaces/project1/Pokemongame/2. Moves/MoveDatabase.cs", "C#", -54, -1, -17, -72
"/workspaces/project1/Pokemongame/2. Moves/MoveLearningService.cs", "C#", -32, -6, -7, -45
"/workspaces/project1/Pokemongame/2. Moves/MoveLog.cs", "C#", -28, -1, -6, -35
"/workspaces/project1/Pokemongame/2. Moves/MoveRuntime.cs", "C#", -32, -2, -8, -42
"/workspaces/project1/Pokemongame/3. Trainers/IBattleTrainer.cs", "C#", -17, 0, -5, -22
"/workspaces/project1/Pokemongame/3. Trainers/TrainerLog.cs", "C#", -3, 0, -1, -4
"/workspaces/project1/Pokemongame/3. Trainers/TrainerRuntime(Enemy).cs", "C#", -7, -1, -1, -9
"/workspaces/project1/Pokemongame/3. Trainers/TrainerRuntime(Player).cs", "C#", -24, 0, -2, -26
"/workspaces/project1/Pokemongame/3. Trainers/TrainerRuntime.cs", "C#", -80, -1, -21, -102
"/workspaces/project1/Pokemongame/3. Trainers/WildRuntime.cs", "C#", -21, 0, -5, -26
"/workspaces/project1/Pokemongame/4. Items/ItemData.cs", "C#", -17, 0, -2, -19
"/workspaces/project1/Pokemongame/4. Items/ItemDatabase.cs", "C#", -38, 0, -8, -46
"/workspaces/project1/Pokemongame/4. Items/ItemEffect.cs", "C#", -74, -2, -13, -89
"/workspaces/project1/Pokemongame/5. Battle/BattleLog.cs", "C#", -85, 0, -14, -99
"/workspaces/project1/Pokemongame/5. Battle/BattleParticipant.cs", "C#", -31, 0, -7, -38
"/workspaces/project1/Pokemongame/5. Battle/BattleSystem.cs", "C#", -20, 0, -15, -35
"/workspaces/project1/Pokemongame/5. Battle/Calculator.cs", "C#", -38, -18, -11, -67
"/workspaces/project1/Pokemongame/5. Battle/Command.cs", "C#", -115, -4, -27, -146
"/workspaces/project1/Pokemongame/6. BattleCotroller/BattleView.cs", "C#", -76, 0, -20, -96
"/workspaces/project1/Pokemongame/6. BattleCotroller/IBattelController.cs", "C#", -6, 0, -1, -7
"/workspaces/project1/Pokemongame/6. BattleCotroller/PlayerController.cs", "C#", -280, -5, -65, -350
"/workspaces/project1/Pokemongame/9. Input/Chance.cs", "C#", -18, -4, -3, -25
"/workspaces/project1/Pokemongame/9. Input/InputManager.cs", "C#", -43, -1, -6, -50
"/workspaces/project1/Pokemongame/9. Input/Log.cs", "C#", -9, 0, 0, -9
"/workspaces/project1/Pokemongame/src/MyGame/Battle/BattleLog.cs", "C#", 73, 0, 13, 86
"/workspaces/project1/Pokemongame/src/MyGame/Battle/BattleSystem.cs", "C#", 20, 0, 15, 35
"/workspaces/project1/Pokemongame/src/MyGame/Battle/Calculators/BattleCalculator.cs", "C#", 38, 18, 11, 67
"/workspaces/project1/Pokemongame/src/MyGame/Battle/Calculators/StatusCaclulator.cs", "C#", 12, 0, 2, 14
"/workspaces/project1/Pokemongame/src/MyGame/Battle/Commands/AttackCommand.cs", "C#", 46, 0, 10, 56
"/workspaces/project1/Pokemongame/src/MyGame/Battle/Commands/Command/command.cs", "C#", 7, 0, 0, 7
"/workspaces/project1/Pokemongame/src/MyGame/Battle/Commands/ErrorCommand.cs", "C#", 11, 0, 1, 12
"/workspaces/project1/Pokemongame/src/MyGame/Battle/Commands/ExitCommand.cs", "C#", 9, 1, 1, 11
"/workspaces/project1/Pokemongame/src/MyGame/Battle/Commands/SkipTurnCommand.cs", "C#", 14, 1, 2, 17
"/workspaces/project1/Pokemongame/src/MyGame/Battle/Commands/SwitchCommand.cs", "C#", 20, 0, 5, 25
"/workspaces/project1/Pokemongame/src/MyGame/Battle/Commands/UseItemCommand.cs", "C#", 29, 2, 7, 38
"/workspaces/project1/Pokemongame/src/MyGame/Battle/Cotroller/IBattleController/Ai/AiController.cs", "C#", 6, 0, 1, 7
"/workspaces/project1/Pokemongame/src/MyGame/Battle/Cotroller/IBattleController/IBattelController.cs", "C#", 6, 0, 1, 7
"/workspaces/project1/Pokemongame/src/MyGame/Battle/Cotroller/IBattleController/Player/PlayerController.cs", "C#", 73, 0, 17, 90
"/workspaces/project1/Pokemongame/src/MyGame/Battle/Cotroller/IBattleController/Player/PlayerState.cs/AttackState.cs", "C#", 33, 1, 7, 41
"/workspaces/project1/Pokemongame/src/MyGame/Battle/Cotroller/IBattleController/Player/PlayerState.cs/ItemState.cs", "C#", 63, 2, 13, 78
"/workspaces/project1/Pokemongame/src/MyGame/Battle/Cotroller/IBattleController/Player/PlayerState.cs/MenuState.cs", "C#", 39, 0, 7, 46
"/workspaces/project1/Pokemongame/src/MyGame/Battle/Cotroller/IBattleController/Player/PlayerState.cs/PlayerState/PlayerState.cs", "C#", 19, 0, 3, 22
"/workspaces/project1/Pokemongame/src/MyGame/Battle/Cotroller/IBattleController/Player/PlayerState.cs/RunState.cs", "C#", 19, 0, 3, 22
"/workspaces/project1/Pokemongame/src/MyGame/Battle/Cotroller/IBattleController/Player/PlayerState.cs/SelectState.cs", "C#", 37, 0, 8, 45
"/workspaces/project1/Pokemongame/src/MyGame/Battle/Cotroller/IBattleController/Player/PlayerState.cs/StruggleState.cs", "C#", 20, 0, 2, 22
"/workspaces/project1/Pokemongame/src/MyGame/Battle/Cotroller/IBattleController/Player/PlayerState.cs/SwitchState.cs", "C#", 29, 2, 4, 35
"/workspaces/project1/Pokemongame/src/MyGame/Battle/Particpant/BattleParticipant.cs", "C#", 31, 0, 7, 38
"/workspaces/project1/Pokemongame/src/MyGame/Battle/Particpant/StatusTurnResult.cs", "C#", 11, 0, 0, 11
"/workspaces/project1/Pokemongame/src/MyGame/Battle/View/BattleView.cs", "C#", 79, 0, 19, 98
"/workspaces/project1/Pokemongame/src/MyGame/Input/Chance.cs", "C#", 18, 4, 3, 25
"/workspaces/project1/Pokemongame/src/MyGame/Input/InputManager.cs", "C#", 43, 1, 6, 50
"/workspaces/project1/Pokemongame/src/MyGame/Input/Log.cs", "C#", 9, 0, 0, 9
"/workspaces/project1/Pokemongame/src/MyGame/Items/ItemData.cs", "C#", 18, 0, 2, 20
"/workspaces/project1/Pokemongame/src/MyGame/Items/ItemDatabase.cs", "C#", 38, 0, 8, 46
"/workspaces/project1/Pokemongame/src/MyGame/Items/ItemEffect.cs", "C#", 74, 2, 13, 89
"/workspaces/project1/Pokemongame/src/MyGame/Moves/MoveData.cs", "C#", 14, 1, 2, 17
"/workspaces/project1/Pokemongame/src/MyGame/Moves/MoveDatabase.cs", "C#", 54, 1, 17, 72
"/workspaces/project1/Pokemongame/src/MyGame/Moves/MoveLearningService.cs", "C#", 32, 7, 7, 46
"/workspaces/project1/Pokemongame/src/MyGame/Moves/MoveLog.cs", "C#", 28, 1, 6, 35
"/workspaces/project1/Pokemongame/src/MyGame/Moves/MoveRuntime.cs", "C#", 32, 2, 8, 42
"/workspaces/project1/Pokemongame/src/MyGame/ObjectRuntime/Runtime/Trainers/IBattleTrainer.cs", "C#", 17, 0, 5, 22
"/workspaces/project1/Pokemongame/src/MyGame/ObjectRuntime/Runtime/Trainers/TrainerRuntime(Enemy).cs", "C#", 7, 1, 1, 9
"/workspaces/project1/Pokemongame/src/MyGame/ObjectRuntime/Runtime/Trainers/TrainerRuntime(Player).cs", "C#", 24, 0, 2, 26
"/workspaces/project1/Pokemongame/src/MyGame/ObjectRuntime/Runtime/Trainers/TrainerRuntime.cs", "C#", 79, 1, 21, 101
"/workspaces/project1/Pokemongame/src/MyGame/ObjectRuntime/Runtime/Wilds/WildRuntime.cs", "C#", 22, 0, 5, 27
"/workspaces/project1/Pokemongame/src/MyGame/PokemonTypes/PokemonChart.cs", "C#", 96, 11, 17, 124
"/workspaces/project1/Pokemongame/src/MyGame/PokemonTypes/PokemonType.cs", "C#", 15, 0, 0, 15
"/workspaces/project1/Pokemongame/src/MyGame/Pokemons/Data/PokemonData.cs", "C#", 24, 0, 4, 28
"/workspaces/project1/Pokemongame/src/MyGame/Pokemons/Data/PokemonDatabase.cs", "C#", 45, 0, 10, 55
"/workspaces/project1/Pokemongame/src/MyGame/Pokemons/PokemonFactory.cs", "C#", 13, 12, 3, 28
"/workspaces/project1/Pokemongame/src/MyGame/Pokemons/PokemonLog.cs", "C#", 16, 1, 1, 18
"/workspaces/project1/Pokemongame/src/MyGame/Pokemons/Runtime/IBattlePokemon.cs", "C#", 33, 0, 7, 40
"/workspaces/project1/Pokemongame/src/MyGame/Pokemons/Runtime/PokemonRuntime.cs", "C#", 109, 1, 32, 142
"/workspaces/project1/Pokemongame/src/MyGame/Pokemons/Runtime/PokemonStates/EnumEffectState.cs", "C#", 13, 0, 0, 13
"/workspaces/project1/Pokemongame/src/MyGame/Pokemons/Runtime/PokemonStates/PokemonState.cs", "C#", 17, 0, 4, 21
"/workspaces/project1/Pokemongame/src/MyGame/Pokemons/Runtime/PokemonStates/States/BurnState.cs", "C#", 20, 0, 5, 25
"/workspaces/project1/Pokemongame/src/MyGame/Pokemons/Runtime/PokemonStates/States/FreezeState.cs", "C#", 29, 0, 8, 37
"/workspaces/project1/Pokemongame/src/MyGame/Pokemons/Runtime/PokemonStates/States/ParalysisState.cs", "C#", 19, 0, 5, 24
"/workspaces/project1/Pokemongame/src/MyGame/Pokemons/Runtime/PokemonStates/States/PoisonState.cs", "C#", 19, 0, 5, 24
"/workspaces/project1/Pokemongame/src/MyGame/Pokemons/Runtime/PokemonStates/States/SleepState.cs", "C#", 30, 0, 8, 38
"/workspaces/project1/Pokemongame/src/MyGame/Pokemons/Runtime/PokemonStates/States/ToxicState.cs", "C#", 24, 0, 7, 31
"Total", "-", 237, 1, 39, 277